feature,importance
june_rainfall_mm,0.2758134773030029
june_departure_pct,0.2441162255313615
june_vs_district_mean,0.17423927757842195
district_cv,0.08996927432163308
district_std_mm,0.07212573010834776
district_encoded,0.06962381270955076
district_mean_mm,0.06323012827431647
june_was_above_normal,0.010882074173365635
state_encoded,0.0
